The Flash,1,1,Pilot,2014-10-07
The Flash,1,1,Pilot,2014-10-07
THE FLASH,one,1,Pilot,2014-10-07
The Flash,1,,Pilot,Unknown
,2,5,Missing Series,2015-11-03
Stranger Things,1,1,Chapter One: The Vanishing of Will Byers,2016-07-15
Stranger Things,-1,2,,2016-07-15
Stranger Things,1,3,Chapter Three: Holly, Jolly,2022-40-99
Stranger Things,0,4,Chapter Four: The Body,
Breaking Bad,1,1,Pilot,2008-01-20
Breaking Bad,1,1,Untitled Episode,Unknown
Breaking Bad,1,2,Cat's in the Bag...,2008-01-27
Breaking Bad,1,3,And the Bag's in the River,2008-02-10
The Office,1,0,Pilot,2005-03-24
The Office,1,1,Pilot,2005-03-24
The Office,1,0,Pilot,2005-03-24
Breaking Bad,1,1,Pilot,2008-01-20
Breaking Bad,1,1,Pilot,2008-01-20
Breaking Bad,1,1,Pilot,2008-01-20
Breaking Bad,1,1,Pilot,2008-01-20
Breaking Bad,1,1,Pilot,2008-01-20
Breaking Bad,1,1,Pilot,2008-01-20
Empty Show,,, ,